{"cameraMode":{"drawMode":0,"name":"Shaded","section":"Shading Mode"},"sceneLighting":true,"audioPlay":false,"sceneViewState":{"m_AlwaysRefresh":false,"showFog":true,"showSkybox":true,"showFlares":true,"showImageEffects":true,"showParticleSystems":true,"showVisualEffectGraphs":true,"m_FxEnabled":true},"in2DMode":false,"pivot":{"x":-10.463135719299317,"y":2.184206247329712,"z":-0.25494131445884707},"rotation":{"x":-0.1271754503250122,"y":0.44438788294792178,"z":-0.06389723718166352,"w":-0.8844592571258545},"size":9.843209266662598,"orthographic":false}