{"cameraMode":{"drawMode":0,"name":"Shaded","section":"Shading Mode"},"sceneLighting":true,"audioPlay":false,"sceneViewState":{"m_AlwaysRefresh":false,"showFog":true,"showSkybox":false,"showFlares":true,"showImageEffects":true,"showParticleSystems":true,"showVisualEffectGraphs":true,"m_FxEnabled":true},"in2DMode":false,"pivot":{"x":3.4335432052612306,"y":109.01785278320313,"z":5.940881729125977},"rotation":{"x":-0.15289968252182008,"y":-0.3445869982242584,"z":0.056753210723400119,"w":-0.9245930910110474},"size":12.12435531616211,"orthographic":false}